UID,Name,Time
4e:3e:24:03,Hans Christian Baier,18.09.2024 16:37:16
4e:3e:24:03,Hans Christian Baier,18.09.2024 16:37:19
95:3d:22:03,Franz Heinrich Ihloff,18.09.2024 16:37:35
95:3d:22:03,Franz Heinrich Ihloff,18.09.2024 16:37:37
95:3d:22:03,Franz Heinrich Ihloff,18.09.2024 16:37:38
95:3d:22:03,Franz Heinrich Ihloff,18.09.2024 16:37:58
95:3d:22:03,Franz Heinrich Ihloff,18.09.2024 16:38:00
95:3d:22:03,Franz Heinrich Ihloff,18.09.2024 16:38:01
95:3d:22:03,Franz Heinrich Ihloff,18.09.2024 16:38:12
95:3d:22:03,Franz Heinrich Ihloff,18.09.2024 16:38:13
95:3d:22:03,Franz Heinrich Ihloff,18.09.2024 16:38:25
95:3d:22:03,Franz Heinrich Ihloff,18.09.2024 17:18:45
95:3d:22:03,Franz Heinrich Ihloff,18.09.2024 17:18:45
95:3d:22:03,Franz Heinrich Ihloff,18.09.2024 17:18:45
95:3d:22:03,Franz Heinrich Ihloff,18.09.2024 17:18:45
95:3d:22:03,Franz Heinrich Ihloff,18.09.2024 17:18:45
4e:3e:24:03,Hans Christian Baier,18.09.2024 17:18:45
