UID,Name,Time
52:18:1c:3e,Schütze Lara-Lucia,18.09.2024 16:44:34
52:18:1c:3e,Schütze Lara-Lucia,18.09.2024 16:45:34
52:18:1c:3e,Schütze Lara-Lucia,18.09.2024 16:45:54
52:18:1c:3e,Schütze Lara-Lucia,18.09.2024 16:46:16
52:18:1c:3e,Schütze Lara-Lucia,18.09.2024 16:46:25
52:18:1c:3e,Schütze Lara-Lucia,18.09.2024 16:46:45
52:18:1c:3e,Schütze Lara-Lucia,18.09.2024 16:50:46
52:18:1c:3e,Schütze Lara-Lucia,18.09.2024 17:18:45
52:18:1c:3e,Schütze Lara-Lucia,18.09.2024 17:18:45
52:18:1c:3e,Schütze Lara-Lucia,18.09.2024 17:18:45
52:18:1c:3e,Schütze Lara-Lucia,18.09.2024 17:18:45
