{
    "06:a2:1c:3e":"Alemansoor Sam",
    "2f:6f:1b:3e":"Berres Len Samuel",
    "05:46:1b:3e":"Brukanov Marcel",
    "2e:db:1f:3e":"Epperlein Maila",
    "d0:f4:1b:3e":"Fietzke Freya",
    "b2:54:1d:3e":"Frohnsdorf Jeannot",
    "0a:4a:1d:3e":"Fuhrmann Helena Melissa",
    "79:b6:1f:3e":"Gerstenberg Nilo",
    "78:fb:1b:3e":"Gollmer Silas Otto Albert",
    "37:91:1b:3e":"Irfan Tabiya",
    "bc:a1:1c:3e":"Klimsa Bela",
    "4f:4a:20:3e":"Knaak Otto Anton",
    "b1:1b:1c:3e":"Paland Milo",
    "65:39:1d:3e":"Ruf Noah",
    "d8:f9:1f:3e":"Weindl Philina"
}