{
    "c0:04:20:3e": "Ascher Paul Alexander",
    "d7:c2:1c:3e": "Baltrusch Sven",
    "af:aa:21:3e": "Braun Elias",
    "49:f8:1f:3e": "Brenner Jonathan",
    "bf:e4:1f:3e": "Frey Samiya",
    "d8:3a:1d:3e": "Gottschalkson Fynn Felix",
    "d2:34:1d:3e": "Haschke Vico",
    "36:e8:1f:3e": "Jörgler Paula",
    "66:26:1c:3e": "Lensche Louis",
    "a4:b1:21:3e": "Lenz Aimee Maya",
    "68:7a:1b:3e": "Lieberwirth Carl",
    "00:01:20:3e": "Mey Fritz Mattis",
    "50:04:1c:3e": "Neumann Esra",
    "99:d2:1f:3e": "Pavek Joshua",
    "4f:e5:1f:3e": "Roth Laura",
    "22:19:1c:3e": "Teubel Lilli",
    "52:93:1f:3e": "Wolters Marlene"
}