{
    "4e:3e:24:03": "Hans Christian Baier",
    "f9:5d:22:03": "Theo Biermann",
    "0b:c3:22:03": "Sophia Bozieva",
    "2b:95:1d:03": "Anton Bremsteller",
    "23:b9:1c:03": "Leonard Emilian Drost",
    "a6:d3:23:03": "Emil Lucius Grabow",
    "bb:f3:21:03": "Benjamin Gühne",
    "17:c9:23:03": "Malte Lukas Güntner",
    "c7:3d:22:03": "Rasmus Höhne",
    "76:78:22:03": "Erik Höpken",
    "95:3d:22:03": "Franz Heinrich Ihloff",
    "8e:9a:1c:03": "Malin Jönsson",
    "d4:fd:21:03": "Mara Luna Kaufmann",
    "56:5e:22:03": "Leonie Liselotte König",
    "35:63:22:03": "Gabriel Mark Luzifer Koschnick",
    "e9:1d:1d:03": "Leandra Hermine Krafft",
    "ba:ea:1c:03": "Aurelia Ragna Krienke",
    "75:fd:21:03": "Maximilian Lopez Hernando",
    "61:d6:23:03": "Piet Neubarth",
    "5d:d2:21:03": "Lovis Michel Peleikis",
    "8d:7d:23:03": "Maja Puhlmann",
    "7d:e8:22:03": "Arne Rosner",
    "9b:0e:22:03": "Luis Martin Schmidt",
    "37:25:22:03": "Konrad Johann Will",
    "ed:01:1d:03": "Loris Valentin Wolf"
}