{
    "11:d7:1c:03": "Lara Lucy Auerbach",
    "84:23:22:03": "Carlo Basel",
    "f1:82:1d:03": "Konrad Philipp Bergmann",
    "01:21:1d:03": "Caio Burkhardt",
    "9e:ad:22:03": "Leo Luka Emken",
    "ac:81:1e:03": "Merrit Flake",
    "49:7f:23:03": "Thea Fleischfresser",
    "cc:b0:1d:03": "Alina Gheorghe",
    "5b:5b:1d:03": "Miguel Angel Grohmann-Valverde",
    "b9:8e:1d:03": "Eva Grosse",
    "b4:0a:1e:03": "Jette Heinemann",
    "e4:50:1d:03": "Tamino Erwin Hoppe",
    "74:af:22:03": "Liisi Karius",
    "44:3f:22:03": "Luisa Elise Cordula Karschies",
    "83:6e:22:03": "Henri Keller",
    "44:f5:1c:03": "Helena Krüger",
    "ee:4b:22:03": "Sophie Poosch",
    "ea:6f:22:03": "Milan Johan Poppe",
    "b3:ec:23:03": "Linda Rauschenbach",
    "f9:21:22:03": "Lisa-Marie Richter",
    "33:ab:22:03": "Maja Scheffler",
    "59:ec:23:03": "Lena Schönfelder",
    "c3:ca:23:03": "Domenik Seidel",
    "a5:4e:23:03": "Alina Thiel",
    "06:84:23:03": "Paul Lenny Wendt"
}
