{
    "04:52:1c:3e": "Albrecht Nele Rita",
    "ae:a0:1b:3e": "Engels Lynn",
    "47:6c:1b:3e": "Grüneberg Malte",
    "98:b2:20:3e": "Kerßebaum Hans",
    "b7:08:1c:3e": "Liehmann Lennox Luis",
    "2f:8c:1b:3e": "Ludwig Vivien Victoria Maria",
    "41:a7:1c:3e": "Mierisch Jonathan",
    "f4:d1:1b:3e": "Röding Leo Yutaka",
    "e0:6f:1b:3e": "Siegmeier Tillmann",
    "03:64:21:3e": "Stetefeld Clemens",
    "40:7f:1b:3e": "Steuernagel Theo",
    "c2:08:1c:3e": "Temirbulatov Malik",
    "af:33:1c:3e": "Vetter Moritz",
    "d3:4d:23:3e": "Wirth Anna-Rebecca",
    "53:83:21:3e": "Youssefi Panah Arian"
}
