{
    "94:c8:21:3e": "Benke Ava Luise",
    "12:ab:21:3e": "Drost Emilie-Antonique",
    "8f:47:1b:3e": "Finke Janna",
    "69:b6:1f:3e": "Hegewald Charlotte",
    "74:9a:1b:3e": "Jansen Marek",
    "b3:bf:21:3e": "Klein Merit",
    "af:32:20:3e": "Laube Rosa",
    "4b:61:1b:3e": "Mewes Nelson",
    "fa:cf:1b:3e": "Müller Jaden",
    "28:de:1b:3e": "Poppe Laurin",
    "77:9d:1c:3e": "Reschke Luca (Marlena)",
    "af:b0:1b:3e": "Scholz Emma Lilli",
    "15:27:1c:3e": "Steffen Raja",
    "55:e6:21:3e": "Strehler Johanna",
    "b1:98:20:3e": "Waage Nils",
    "df:a0:21:3e": "Zielisch Ida Maria"
}
