{
    "4b:50:1b:3e": "Adam Finja",
    "20:62:1c:3e": "Braun Jeshua",
    "76:4f:1b:3e": "Brumlop Emil Wedekind",
    "5f:07:1c:3e": "Freisleben Lotta",
    "1b:b8:1b:3e": "Groß Caroline",
    "f2:db:1b:3e": "Hoffmann Karla Helene",
    "ab:a0:1b:3e": "Hohenhausen Jenny",
    "3f:f5:21:3e": "Hotescheck Mirja",
    "f2:62:21:3e": "Kalinowski Tilda Felina",
    "65:60:1b:3e": "Kolodziej Antonia Henriette",
    "f1:53:1c:3e": "Kolodziej Julia Magdalena",
    "6a:3e:1c:3e": "Mende Jaron",
    "dc:27:22:3e": "Meyer-Ohlendorf Ameya",
    "55:56:20:3e": "Pusch Hermine",
    "4e:dc:1b:3e": "Reineke Florentine Lavinia Zoe Julie",
    "fd:23:22:3e": "Sieling Elli",
    "76:71:1b:3e": "Waschau Adele Elisabeth",
    "5b:df:21:3e": "Wild Lilly"
}
