{
    "05:55:1b:3e": "Alabdullah Mohammad",
    "f1:bd:1f:3e": "Alkharfan Maya",
    "f4:94:20:3e": "Bernhardt Hans Hermann",
    "65:e6:21:3e": "Braune Jonathan",
    "fc:fc:1f:3e": "Brüning Lara",
    "a4:70:20:3e": "Christ Lennard",
    "24:5a:1b:3e": "Fleischfresser Elia",
    "d2:55:1d:3e": "Gabbas Sarah",
    "f5:c3:1c:3e": "Hergt Jesse Jonathan",
    "0c:8d:1b:3e": "Herzig Kim Laureen",
    "39:45:1d:3e": "Heymann Helena",
    "a9:db:1f:3e": "Knorr Clara Magdalena",
    "61:bb:1b:3e": "Kühn Paul",
    "d9:f6:1f:3e": "Liebenehm Ansgar Sven",
    "71:d1:1f:3e": "Michaelis Luise",
    "45:e6:21:3e": "Million Mia",
    "d5:32:1c:3e": "Quintana Pablo",
    "d6:99:1c:3e": "Säuberlich Tom"
}