{
    "17:8f:1b:3e": "Ansal Dilara",
    "9a:26:95:a4": "Bechmann Benno",
    "7a:59:59:a4": "Bork Leonie",
    "49:26:1c:3e": "Bosdorf Paul Alexander",
    "8a:66:8d:a4": "Cierpinski Sebastian",
    "ab:74:1b:3e": "Damms Helene",
    "64:b7:3c:a3": "Gerlach Louisa",
    "c6:f6:1b:3e": "Jochimsen Lotte Elisabeth",
    "6a:5f:a8:a4": "Klucke Maika",
    "a2:3b:1d:3e": "Krone Karo",
    "64:0e:c6:a3": "Kubein Mika",
    "02:21:20:3e": "Langheinrich Mila",
    "39:f7:1b:3e": "Mainka Linda",
    "6e:de:1b:3e": "Müller Amelie",
    "98:3f:1c:3e": "Nduta Susan",
    "4d:50:1c:3e": "Pieper Melea",
    "d0:d7:1b:3e": "Safir Abderrahman",
    "32:ec:1f:3e": "Salomon Leonie",
    "52:18:1c:3e": "Schütze Lara-Lucia",
    "b7:0a:23:3e": "Sieling Lilli",
    "36:0d:22:3e": "Szabó Fritzi Elsa",
    "27:8c:1b:3e": "Vagedes Elias",
    "2e:04:23:3e": "Weigele Karl",
    "64:4c:2a:a3": "Wolf Marilla"
}
