{
    "bf:db:1b:3e": "Engels Stevie Maria",
    "de:12:1d:3e": "Greve Fabian",
    "7d:ab:21:3e": "Grunow Maria Sophie",
    "17:ba:1f:3e": "Herlyn Mina",
    "32:03:1c:3e": "Herrmann Alina",
    "20:79:1b:3e": "Hurm Pauline",
    "11:f6:1b:3e": "Kosubeck Blanda",
    "36:9a:1c:3e": "Löffler Lenja",
    "2b:ea:21:3e": "Löffler Sunghyun",
    "a3:ca:1f:3e": "Mauß Lilly Marlèn",
    "76:78:20:3e": "Michel Eva Luise",
    "18:b5:1f:3e": "Peschenz Tabea",
    "e8:a8:1b:3e": "Reisinger de Oliveira Leon",
    "3b:f7:1f:3e": "Ruthenberg Lilli",
    "86:b1:1f:3e": "Stricker Phiona",
    "1c:29:1c:3e": "Szilleweit Sally Sue",
    "71:17:1c:3e": "Uhlig Holden Ephraim",
    "5d:c8:21:3e": "Vierus Jonathan",
    "e4:b4:1b:3e": "Wild Yasmina",
    "c2:41:1c:3e": "Wroblewski Karlotta Sieglinde",
    "3c:30:20:3e": "Zech Christine",
    "aa:b6:1f:3e": "Zimmermann Alicia"
}
