{
    "89:28:1c:3e": "Abdulkarim Al Ghzawi",
    "94:8a:20:3e": "Mathilde Annemarie Anton",
    "c1:cb:1c:3e": "Helena - Luise Ballasus",
    "e9:78:21:3e": "Carmen Böhme",
    "d4:74:1b:3e": "Tessa Haase",
    "22:74:21:3e": "Hlib Husakov",
    "e4:e5:1f:3e": "Gabriel Emiliano Kläuschen",
    "d9:1d:20:3e": "Hannah Lensche",
    "2a:ac:1b:3e": "Emilio Möske",
    "30:9b:21:3e": "Ole Finn Müller",
    "22:86:21:3e": "Abtin Roozban",
    "13:e9:1b:3e": "Rosalie Rumland",
    "1c:cf:1f:3e": "Inka Schöne",
    "5b:ba:1b:3e": "Theresa Schulz",
    "dd:26:22:3e": "Scarlett-Leonie Sodeik",
    "ab:ff:1b:3e": "Mila Trieloff",
    "09:53:1b:3e": "Paul Lukas Zielisch"
}
